Date,Close/Last,Volume,Open,High,Low
03/25/2022,$54.93,1489053,$48.41,$55.5,$47.71
03/24/2022,$45.62,133262,$45.4,$45.84,$44.04
03/23/2022,$45.15,166628,$46.03,$46.1,$44.6
03/22/2022,$46.36,111486,$46.53,$47.12,$45.605
03/21/2022,$46.3,187027,$46.94,$47.88,$45.81
03/18/2022,$47.07,324277,$46.21,$47.6,$46.17
03/17/2022,$45.95,180674,$44.13,$46.09,$43.57
03/16/2022,$43.86,237835,$43,$44.25,$42.92
03/15/2022,$42.67,203591,$41.26,$42.75,$41.12
03/14/2022,$41.5,156977,$42.02,$42.45,$40.4498
03/11/2022,$42.29,111686,$43.78,$44.4404,$42.27
03/10/2022,$43.57,123078,$42.18,$43.71,$42.0401
03/09/2022,$43.08,255074,$43,$43.98,$40.25
03/08/2022,$42.33,383986,$41.52,$43.265,$41.38
03/07/2022,$41.39,227379,$40.96,$42.06,$40.51
03/04/2022,$40.49,188560,$39.19,$40.91,$38.95
03/03/2022,$39.53,107065,$39.36,$40.44,$38.99
03/02/2022,$39.04,114731,$37.78,$39.38,$37.78
03/01/2022,$38.15,99032,$38.45,$38.69,$37.72
02/28/2022,$38.36,159392,$37.73,$38.55,$36.375
02/25/2022,$38.11,97839,$37.31,$38.68,$37.01
02/24/2022,$36.94,248306,$34.86,$37.03,$34.305
02/23/2022,$35.98,343589,$34.64,$37.13,$34.55
02/22/2022,$33.45,317706,$35.79,$35.79,$32.86
02/18/2022,$35.45,87823,$35.54,$36.4,$35.28
02/17/2022,$35.78,128980,$37.03,$37.03,$35.3
02/16/2022,$37.26,163591,$37.27,$37.63,$36.185
02/15/2022,$37.36,116452,$37.84,$38.87,$37.14
02/14/2022,$37.2,80307,$36.74,$37.79,$36.74
02/11/2022,$37.1,92755,$37.7,$38.1961,$36.92
02/10/2022,$37.79,156254,$36.9,$38.26,$36.81
02/09/2022,$37.81,137018,$37.9,$38.53,$37.42
02/08/2022,$37.61,72063,$36.18,$37.97,$36.13
02/07/2022,$36.18,114126,$36.94,$37.89,$36.14
02/04/2022,$37.01,203436,$35.19,$37.25,$35
02/03/2022,$35.16,117107,$35.06,$36,$34.89
02/02/2022,$35.87,111856,$36.53,$36.53,$34.7
02/01/2022,$36.3,230176,$37.07,$37.08,$35.55
01/31/2022,$36.41,196136,$34.53,$36.84,$34.14
01/28/2022,$34.19,402563,$32.33,$34.55,$32.33
01/27/2022,$32.12,184064,$34.09,$34.57,$31.62
01/26/2022,$33.51,196893,$34.07,$34.56,$32.61
01/25/2022,$33.5,186118,$33.51,$34.9,$32.76
01/24/2022,$34.63,197566,$32.78,$34.94,$31.77
01/21/2022,$33.32,249799,$33.38,$34.42,$32.8669
01/20/2022,$33.71,131445,$35.1,$35.715,$33.61
01/19/2022,$34.94,100300,$35.18,$35.8625,$34.62
01/18/2022,$35.08,108229,$36.76,$36.76,$34.76
01/14/2022,$37.08,129777,$36.53,$37.31,$34.995
01/13/2022,$37.07,76280,$37.29,$38.49,$36.79
01/12/2022,$37.15,86146,$37.7,$37.86,$36.5
01/11/2022,$37.56,110678,$36.75,$37.78,$36.24
01/10/2022,$36.61,112569,$36.7,$37.09,$35.4701
01/07/2022,$36.98,102035,$37.72,$37.76,$36.89
01/06/2022,$37.55,98480,$38.28,$38.88,$36.79
01/05/2022,$38.38,100877,$39.39,$40.75,$38.1
01/04/2022,$39.53,133051,$39.98,$40.75,$38.33
01/03/2022,$39.88,207418,$41.75,$42.47,$38.58
12/31/2021,$41.32,577049,$39.34,$41.53,$38.92
12/30/2021,$39.26,131216,$38.64,$39.56,$38.47
12/29/2021,$38.75,65112,$38.59,$39.135,$38
12/28/2021,$38.44,104243,$39.35,$39.36,$38.38
12/27/2021,$39.32,111425,$39.26,$39.46,$38.31
12/23/2021,$39.29,222168,$38.62,$39.475,$38.06
12/22/2021,$38.43,79528,$37.24,$38.55,$36.94
12/21/2021,$37.44,126474,$37.24,$37.8654,$36.4601
12/20/2021,$36.6,127074,$36.02,$36.775,$35.04
12/17/2021,$36.74,373029,$35.08,$37.72,$34.7189
12/16/2021,$35.1,181080,$37.36,$37.49,$35.01
12/15/2021,$37.25,182116,$35.64,$37.27,$34.84
12/14/2021,$35.4,197386,$36.78,$37.13,$34.935
12/13/2021,$37.35,133437,$35.91,$38.01,$34.28
12/10/2021,$37.59,114404,$38.56,$40.0505,$37.28
12/09/2021,$38.46,105634,$39.39,$39.58,$38.4
12/08/2021,$39.79,134376,$39.04,$39.94,$38.71
12/07/2021,$38.91,244684,$36.44,$39.81,$36.305
12/06/2021,$36.05,274585,$33.99,$36.17,$33.405
12/03/2021,$33.71,431276,$35.24,$35.9932,$33.25
12/02/2021,$34.98,185353,$35.17,$36.375,$34.32
12/01/2021,$34.8,255892,$35.78,$37.27,$34.66
11/30/2021,$34.86,659598,$36.9,$37.32,$34.355
11/29/2021,$37.04,235562,$40.13,$40.57,$36.81
11/26/2021,$39.86,105279,$39.01,$40.15,$38.21
11/24/2021,$40.07,76532,$40.25,$40.82,$39.5201
11/23/2021,$40.51,119407,$41.36,$41.6,$39.85
11/22/2021,$41.41,92551,$41.95,$42.68,$40.99
11/19/2021,$41.93,112266,$42.83,$43.4,$41.7401
11/18/2021,$43.31,148903,$43.58,$44.6,$42.44
11/17/2021,$44.02,65089,$44.61,$45.02,$44.02
11/16/2021,$44.76,75130,$45.05,$45.76,$44.475
11/15/2021,$44.94,96479,$44.12,$45.07,$43.7329
11/12/2021,$44.18,76404,$43.32,$44.515,$43.32
11/11/2021,$43.17,123344,$43.49,$44.05,$42.69
11/10/2021,$43.09,86195,$43.91,$44.42,$42.81
11/09/2021,$44.31,120731,$45,$47.1219,$43.86
11/08/2021,$45.25,140203,$46.22,$47.4,$44.7
11/05/2021,$45.77,140946,$45.84,$46.78,$44.85
11/04/2021,$45.1,178570,$49.4,$49.4,$43.18
11/03/2021,$44.36,177700,$43.17,$44.685,$42.81
11/02/2021,$43.28,79921,$43.53,$43.84,$42.4123
11/01/2021,$43.47,121752,$44.25,$46,$43.04
10/29/2021,$43,177808,$42.06,$43.59,$41.61
10/28/2021,$42.16,68768,$41.24,$42.685,$41.24
10/27/2021,$40.97,98704,$41.29,$42.15,$40.08
10/26/2021,$41.57,67269,$41.87,$42.0417,$41.17
10/25/2021,$41.77,197281,$41.49,$42.585,$41.12
10/22/2021,$41.69,109032,$42.77,$43,$41.41
10/21/2021,$42.94,138511,$42.49,$43.655,$42.2
10/20/2021,$42.59,215362,$42.34,$43.07,$41.92
10/19/2021,$42.38,111958,$42.46,$43.06,$41.96
10/18/2021,$42.07,73421,$43.08,$43.56,$41.88
10/15/2021,$43.18,87839,$44.14,$44.99,$43.05
10/14/2021,$43.33,54667,$44.08,$45.61,$43.18
10/13/2021,$43.52,119529,$43.84,$45.19,$42.91
10/12/2021,$43.5,109247,$42.84,$44.49,$42.4
10/11/2021,$42.55,99326,$43.67,$43.69,$41.77
10/08/2021,$43.75,96635,$44.47,$44.47,$42.94
10/07/2021,$44.58,103641,$43.89,$45.64,$43.65
10/06/2021,$43.66,114197,$43.91,$44.23,$42.32
10/05/2021,$44.22,187206,$44.21,$45.17,$44.01
10/04/2021,$44.37,330839,$46.57,$48.3758,$43.76
10/01/2021,$46.72,116064,$47.22,$47.22,$44.8101
09/30/2021,$46.6,101544,$46.58,$48,$46.04
09/29/2021,$46.42,97561,$46.04,$47.575,$44.96
09/28/2021,$46.02,137603,$46.79,$47.21,$45.83
09/27/2021,$47.12,120667,$48.83,$49.0399,$46.97
09/24/2021,$48.86,75305,$48.7,$49.97,$48.275
09/23/2021,$48.92,126633,$48.95,$50.43,$48.34
09/22/2021,$48.38,112474,$47.06,$48.68,$46.62
09/21/2021,$46.76,82700,$47.2,$47.42,$46
09/20/2021,$47.09,227004,$46.82,$47.47,$46.2617
09/17/2021,$47.9,601778,$47.9,$47.99,$46.91
09/16/2021,$47.88,133643,$49.71,$49.74,$46.9
09/15/2021,$49.52,102433,$49.11,$49.84,$48.77
09/14/2021,$49.26,132085,$49.82,$50.5,$48.245
09/13/2021,$49.58,145550,$50.25,$51.18,$48.76
09/10/2021,$50.18,164829,$51.8,$51.8,$49.7741
09/09/2021,$51.49,244712,$51.04,$52.35,$50.01
09/08/2021,$51.45,96021,$52.34,$52.53,$50.7926
09/07/2021,$52.33,139650,$51.3,$52.86,$51.115
09/03/2021,$51.12,96848,$51.01,$51.74,$50.83
09/02/2021,$51.12,143922,$50.09,$51.9188,$49.69
09/01/2021,$49.67,129511,$49.92,$50.38,$49.26
08/31/2021,$49.74,144175,$48.66,$49.95,$48.5
08/30/2021,$48.92,82571,$48.37,$49.28,$48.08
08/27/2021,$48.22,175283,$47.16,$49.39,$46.85
08/26/2021,$47.28,90248,$46.57,$47.49,$46.55
08/25/2021,$46.88,109652,$48.67,$48.76,$46.69
08/24/2021,$48.49,85334,$48.89,$49.29,$48.21
08/23/2021,$48.81,117943,$49.96,$50.38,$48.75
08/20/2021,$48.9,140747,$47.99,$49.18,$47.59
08/19/2021,$48.18,154276,$47.12,$48.3,$46.12
08/18/2021,$47.92,182802,$47.57,$49.74,$47.425
08/17/2021,$46.95,242851,$46.67,$48.1,$45.3
08/16/2021,$47.53,185329,$49.54,$49.72,$47.09
08/13/2021,$49.72,137822,$50.38,$52.13,$49.34
08/12/2021,$50.38,278986,$50.59,$52.62,$50.13
08/11/2021,$50.99,239453,$53.34,$53.74,$49.6337
08/10/2021,$53.31,136366,$53.37,$54.15,$51.66
08/09/2021,$53.08,105375,$53.51,$54.8,$51.43
08/06/2021,$54.04,301773,$54.29,$54.74,$49.04
08/05/2021,$53.4,767158,$59.6,$60.355,$53.12
08/04/2021,$51.79,253970,$52.175,$53.55,$50.88
08/03/2021,$53.55,169460,$53.61,$53.8,$50.8253
08/02/2021,$53.61,208699,$52.31,$53.77,$51.23
07/30/2021,$51.95,121554,$50.97,$52.25,$50.7296
07/29/2021,$51.12,316118,$50.49,$52.61,$49.57
07/28/2021,$50.27,91803,$49.95,$50.61,$49
07/27/2021,$49.95,151379,$48.59,$50.25,$47.84
07/26/2021,$48.85,143852,$47.93,$50.5,$47.7
07/23/2021,$47.95,73193,$48.42,$48.86,$47.24
07/22/2021,$48.28,112840,$49.49,$49.49,$46.85
07/21/2021,$49.44,228248,$48.03,$49.83,$47.49
07/20/2021,$47.72,249339,$47.32,$48.23,$46.47
07/19/2021,$46.98,162997,$45.88,$47.83,$44.53
07/16/2021,$47.06,102527,$47.48,$48.2,$46.7401
07/15/2021,$47.01,254935,$48.81,$49.06,$46.41
07/14/2021,$49.15,334976,$49.84,$50,$48.19
07/13/2021,$49.43,142472,$50.025,$50.63,$49.31
07/12/2021,$50.2,396935,$49.25,$51.9,$49.25
07/09/2021,$49.09,188138,$48.12,$50,$47.195
07/08/2021,$47.74,145063,$47.07,$48.28,$46.0101
07/07/2021,$48.15,201654,$49.11,$49.45,$47.5901
07/06/2021,$48.79,205890,$49.36,$49.44,$48.14
07/02/2021,$49.44,256252,$49.65,$49.65,$48.1181
07/01/2021,$49.34,137433,$49.17,$49.66,$47.59
06/30/2021,$49.03,252825,$48.41,$49.89,$48.1048
06/29/2021,$48.28,116078,$49.13,$49.17,$47.81
06/28/2021,$49.11,261540,$47.88,$49.86,$47.24
06/25/2021,$47.78,313317,$47.19,$48.88,$47.06
06/24/2021,$47.33,187363,$46.55,$47.9176,$46.05
06/23/2021,$46.44,129630,$46.66,$47.12,$45.94
06/22/2021,$46.55,157994,$47.93,$47.93,$44.49
06/21/2021,$48.29,267325,$47.12,$48.8366,$46.71
06/18/2021,$47.01,214701,$46.7,$47.78,$45.9594
06/17/2021,$47.07,333533,$45.85,$47.62,$44.13
06/16/2021,$45.67,79988,$45.27,$45.975,$44.65
06/15/2021,$45.48,83223,$45.54,$45.64,$44.48
06/14/2021,$45.54,108334,$46.29,$46.85,$45.24
06/11/2021,$46.36,143849,$44.93,$46.42,$43.96
06/10/2021,$44.88,135644,$46.24,$46.448,$44.31
06/09/2021,$46.35,128914,$47.57,$47.655,$45.85
06/08/2021,$47.42,173821,$47.83,$47.93,$46.74
06/07/2021,$47.31,185090,$45.86,$47.59,$45.37
06/04/2021,$45.81,172935,$44.4,$45.98,$44.04
06/03/2021,$44.42,404101,$44.43,$45.11,$43.44
06/02/2021,$44.22,747059,$41.89,$44.43,$41.35
06/01/2021,$40.86,417105,$38.37,$41.18,$38.37
05/28/2021,$38.38,97545,$38.87,$38.98,$36.924
05/27/2021,$38.33,169773,$38,$38.61,$37.8076
05/26/2021,$37.69,158113,$37.44,$37.94,$36.52
05/25/2021,$36.88,200150,$37.99,$38.81,$36.59
05/24/2021,$38.13,343676,$38.72,$39.05,$37.86
05/21/2021,$38.29,420847,$36.58,$39,$35.93
05/20/2021,$36.13,1017910,$33.98,$37.25,$33.7
05/19/2021,$32.22,84247,$30.47,$32.38,$30.2
05/18/2021,$31.05,157331,$30.33,$31.42,$30.21
05/17/2021,$30.13,853562,$29.51,$30.7,$29.2
05/14/2021,$29.81,82072,$29.69,$29.96,$29.35
05/13/2021,$29.38,78521,$30,$30.64,$28.67
05/12/2021,$29.73,108313,$30.41,$30.61,$29.32
05/11/2021,$30.78,70999,$29.77,$31.285,$29.52
05/10/2021,$30.43,170792,$32.18,$32.18,$30.14
05/07/2021,$31.89,121969,$30.75,$32.21,$30.75
05/06/2021,$30.75,278399,$30.29,$33.24,$30.29
05/05/2021,$29.51,96175,$30.14,$30.14,$28.83
05/04/2021,$29.95,120836,$30.55,$30.55,$29.1
05/03/2021,$30.6,144569,$30.4,$30.62,$29.78
04/30/2021,$30.03,177490,$28.33,$30.11,$28.27
04/29/2021,$28.63,202665,$29.58,$29.605,$28.14
04/28/2021,$29.28,345000,$29.77,$30.495,$29.05
04/27/2021,$29.77,165090,$29.6,$30.36,$29.6
04/26/2021,$29.52,133665,$29.73,$30.05,$29.12
04/23/2021,$29.47,224242,$28.39,$29.7,$27.845
04/22/2021,$28.19,151831,$29.01,$29.43,$28.13
04/21/2021,$28.94,144711,$27.32,$29.03,$27.32
04/20/2021,$27.5,144483,$28.87,$29.26,$27.265
04/19/2021,$29.01,280010,$30.2,$30.24,$28.4
04/16/2021,$30.17,175508,$31.01,$31.33,$29.73
04/15/2021,$30.7,173601,$31.02,$31.35,$30.4
04/14/2021,$30.78,436744,$31.46,$32.25,$30.58
04/13/2021,$31.27,141646,$31.63,$32.02,$30.5
04/12/2021,$31.54,169762,$31.32,$32.24,$31
04/09/2021,$31.4,160980,$31.45,$31.64,$30.86
04/08/2021,$31.54,163846,$31.16,$31.57,$30.58
04/07/2021,$31.03,182026,$31.07,$31.315,$30.4501
04/06/2021,$31.2,149118,$31.02,$31.74,$30.83
04/05/2021,$31.03,143921,$31.47,$31.7543,$30.55
04/01/2021,$31,279986,$30.43,$31.8,$30.43
03/31/2021,$30.05,124624,$29.77,$31.09,$29.62
03/30/2021,$29.68,117813,$28.88,$29.91,$28.67
03/29/2021,$28.68,122879,$28.89,$29.81,$28.4
03/26/2021,$28.89,153389,$29.76,$29.915,$28
03/25/2021,$29.34,189434,$29.45,$29.75,$28.25
03/24/2021,$29.62,229144,$31.02,$31.18,$29.59
03/23/2021,$30.77,381763,$31.66,$31.66,$30.17
03/22/2021,$31.74,161285,$31.87,$32.47,$31.0617
03/19/2021,$31.87,292442,$32.06,$33.9978,$30.8
03/18/2021,$32.14,280969,$31.9,$33.1604,$31.4493
03/17/2021,$32.57,136021,$32.6,$33.22,$31.76
03/16/2021,$32.68,131835,$33.04,$33.6199,$32.18
03/15/2021,$33.02,228768,$32.92,$34.34,$32.61
03/12/2021,$32.68,186740,$32.39,$32.92,$31.75
03/11/2021,$32.65,408312,$31.86,$33.25,$30.7
03/10/2021,$31.02,682805,$28.73,$31.58,$28.24
03/09/2021,$28.56,306524,$27.78,$29.84,$27.5
03/08/2021,$27.45,216187,$28.66,$28.69,$26.76
03/05/2021,$28.24,1584946,$26.15,$28.78,$25.6
03/04/2021,$26.02,2591144,$32.93,$33.22,$25.01
03/03/2021,$34.66,56555,$35.58,$36.24,$34.47
03/02/2021,$35.46,93402,$34.77,$36.56,$34.09
03/01/2021,$35.12,121656,$35.97,$35.97,$34.4
02/26/2021,$35.32,100650,$35.96,$36.57,$34.56
02/25/2021,$35.72,93051,$37.34,$37.63,$35.71
02/24/2021,$37.46,114136,$37.39,$38.8,$37.06
02/23/2021,$37.42,235318,$36.66,$37.87,$34.53
02/22/2021,$37.03,201606,$36.64,$37.38,$34.82
02/19/2021,$37.16,312572,$36.27,$37.44,$35.62
02/18/2021,$36.16,472491,$36.14,$37.22,$32.7364
02/17/2021,$32.41,201203,$32.37,$32.97,$30.74
02/16/2021,$32.88,170323,$32.84,$33.26,$32.0597
02/12/2021,$32.87,93151,$32.72,$33.36,$32.001
02/11/2021,$32.65,176457,$32.46,$33.81,$32.1
02/10/2021,$32.26,115343,$32.35,$32.8,$31.797
02/09/2021,$31.82,153547,$30.83,$32.29,$30.45
02/08/2021,$31.01,91287,$29.99,$31.1,$29.4957
02/05/2021,$29.46,218512,$28.2,$29.87,$28
02/04/2021,$28.26,145945,$27.14,$28.815,$27.015
02/03/2021,$27.06,139106,$26.41,$27.59,$25.1634
02/02/2021,$26.62,85796,$24.53,$26.83,$24.34
02/01/2021,$24.16,89537,$24.5,$24.81,$23.22
01/29/2021,$24.21,148981,$24.82,$24.82,$23.92
01/28/2021,$24.7,123541,$24.83,$26.03,$24.0236
01/27/2021,$25.01,316745,$25.53,$26.105,$24.82
01/26/2021,$26.31,102708,$27.11,$27.11,$25.6411
01/25/2021,$26.95,134055,$27.33,$27.74,$26.34
01/22/2021,$27.54,112505,$25.43,$27.71,$25.35
01/21/2021,$25.72,63105,$25.95,$26.02,$25.37
01/20/2021,$26.06,62255,$25.79,$26.96,$25.62
01/19/2021,$25.76,140716,$25.5,$26.99,$25.47
01/15/2021,$25.36,145022,$24.48,$26,$24.3575
01/14/2021,$24.9,115002,$23.99,$25.35,$23.89
01/13/2021,$23.81,108108,$23.55,$24.21,$22.79
01/12/2021,$23.6,65337,$22.82,$23.7,$22.48
01/11/2021,$22.61,160505,$23.51,$24.54,$22.46
01/08/2021,$23.92,59212,$24.24,$24.5,$23.49
01/07/2021,$24.13,132647,$24.97,$24.97,$23.26
01/06/2021,$24.72,146404,$24.37,$25.34,$23.5529
01/05/2021,$23.89,94039,$23.6,$24.435,$23.6
01/04/2021,$23.74,123050,$24.21,$25.27,$23.43
12/31/2020,$24.11,100902,$24.01,$24.86,$23.12
12/30/2020,$24.01,204898,$21.79,$24.59,$21.79
12/29/2020,$22.02,70379,$21.99,$23.09,$21.4
12/28/2020,$22.46,90963,$22.5,$23.395,$22.29
12/24/2020,$22.14,24522,$22.12,$22.56,$21.94
12/23/2020,$22.02,91510,$21.73,$22.64,$21.73
12/22/2020,$21.83,184497,$22.19,$22.44,$20.87
12/21/2020,$20.86,195081,$21.13,$21.78,$19.883
12/18/2020,$21.85,823270,$22.83,$23.83,$21.78
12/17/2020,$22.69,90694,$22.33,$23.1,$22.19
12/16/2020,$22.18,103902,$22.13,$22.99,$21.97
12/15/2020,$22.07,100348,$21.84,$22.3,$21.0001
12/14/2020,$21.57,138115,$21.78,$23.15,$21.5
12/11/2020,$21.5,107095,$21.5,$21.85,$21.375
12/10/2020,$21.84,133403,$20.95,$22,$20.93
12/09/2020,$20.93,207428,$22.83,$23.83,$20.43
12/08/2020,$22.52,180445,$22.68,$23.96,$22.11
12/07/2020,$22.8,189014,$24.7,$24.7,$22.59
12/04/2020,$24.79,141719,$23.74,$25.06,$22.9972
12/03/2020,$23.5,152297,$24.28,$25.18,$23.17
12/02/2020,$24.26,206697,$23.71,$24.9,$23.55
12/01/2020,$23.76,97539,$25.95,$26.1432,$23.5
11/30/2020,$25.02,201574,$25.65,$26.24,$24.93
11/27/2020,$25.42,77789,$24.75,$25.785,$24.53
11/25/2020,$24.74,100046,$23.92,$24.94,$23.8
11/24/2020,$24.07,116786,$23.44,$24.52,$23.285
11/23/2020,$22.97,145704,$22.81,$23.33,$22.41
11/20/2020,$22.3,106155,$22.18,$22.93,$21.7501
11/19/2020,$22.45,54205,$21.71,$22.46,$21.21
11/18/2020,$21.37,111603,$21.85,$22.44,$21.33
11/17/2020,$21.87,83876,$21.78,$22.49,$21.5101
11/16/2020,$22.22,165841,$22.04,$23.54,$21.86
11/13/2020,$21.54,70754,$22.335,$22.335,$21.28
11/12/2020,$21,103522,$21.22,$22.24,$20.91
11/11/2020,$21.59,145713,$22.27,$22.3,$20.5
11/10/2020,$22.23,258784,$21.3,$22.9169,$20.77
11/09/2020,$21.06,111528,$20.39,$22,$20.32
11/06/2020,$19.7,55892,$20,$20.29,$19.5
11/05/2020,$20,175059,$23.32,$23.32,$19.49
11/04/2020,$20.16,131994,$20.32,$21.16,$19.63
11/03/2020,$20.44,85022,$19.9,$20.93,$19.645
11/02/2020,$19.54,93113,$19.39,$19.82,$19.02
10/30/2020,$18.93,92685,$18.91,$19.56,$18.57
10/29/2020,$19.1,117892,$19.13,$19.4,$18.22
10/28/2020,$19.1,133557,$19.83,$19.9,$19.06
10/27/2020,$20.2,111491,$20.8,$21.055,$20.14
10/26/2020,$20.89,78279,$21.67,$21.67,$20.2601
10/23/2020,$21.85,114280,$21.26,$21.99,$21.09
10/22/2020,$21.26,155228,$19.71,$21.4,$19.71
10/21/2020,$19.7,109401,$19.25,$19.99,$18.9
10/20/2020,$19.25,216833,$19.3,$19.68,$18.75
10/19/2020,$19.26,132632,$20,$20.19,$19.03
10/16/2020,$19.78,90582,$19.85,$20.44,$19.66
10/15/2020,$19.85,218056,$19.59,$20.4351,$19.17
10/14/2020,$19.77,64936,$20.22,$20.52,$19.651
10/13/2020,$20.22,166448,$19.76,$21.58,$19.76
10/12/2020,$19.94,146140,$20.03,$20.85,$19.65
10/09/2020,$19.92,96192,$20.66,$21.22,$19.81
10/08/2020,$20.61,170603,$19.17,$20.94,$18.92
10/07/2020,$18.79,109856,$18.93,$19.15,$18.61
10/06/2020,$18.6,145698,$18.85,$19.4,$18.56
10/05/2020,$18.63,98590,$18.68,$19.22,$18.3475
10/02/2020,$18.31,77296,$17.8,$18.455,$17.8
10/01/2020,$18.3,117795,$18.94,$19.09,$18.22
09/30/2020,$18.97,162695,$19.33,$19.715,$18.81
09/29/2020,$18.43,187551,$18.32,$18.83,$17.8104
09/28/2020,$18.34,126040,$18.66,$19.1099,$18.245
09/25/2020,$18.39,108200,$17.86,$18.73,$17.83
09/24/2020,$17.89,176453,$18.32,$18.5,$17.67
09/23/2020,$18.31,150761,$19.36,$19.675,$18.195
09/22/2020,$19.35,118790,$19.49,$19.81,$18.9025
09/21/2020,$19.44,173452,$20.01,$20.25,$19.16
09/18/2020,$20.54,494414,$20.77,$21.59,$19.915
09/17/2020,$20.56,285922,$19.25,$20.9,$19.06
09/16/2020,$19.5,230489,$18.73,$19.56,$18.73
09/15/2020,$18.73,114558,$18.55,$19.27,$18.3801
09/14/2020,$18.55,140736,$17.73,$18.67,$17.695
09/11/2020,$17.04,101470,$17.19,$17.62,$16.74
09/10/2020,$17.13,201878,$17.1,$17.695,$16.93
09/09/2020,$17.01,180036,$16.42,$17.58,$16.26
09/08/2020,$16.29,187829,$16.88,$16.88,$15.8
09/04/2020,$16.97,324182,$17.11,$17.5,$16.6036
09/03/2020,$17.02,425580,$16.09,$17.14,$15.87
09/02/2020,$16.04,216488,$16.05,$16.12,$15.32
09/01/2020,$16,227566,$16.33,$16.42,$15.72
08/31/2020,$16.37,384205,$17,$17.3496,$16.3
08/28/2020,$16.93,182236,$17.04,$17.3,$16.35
08/27/2020,$17.03,325646,$17.72,$17.72,$16.29
08/26/2020,$17.52,330711,$18.81,$19.0445,$17
08/25/2020,$18.54,766875,$15.99,$18.66,$15.9215
08/24/2020,$15.43,162718,$15.75,$16.16,$15.16
08/21/2020,$15.61,257687,$16.68,$16.75,$15.425
08/20/2020,$16.64,295961,$16.01,$17.24,$15.79
08/19/2020,$15.16,145752,$14.94,$15.525,$14.78
08/18/2020,$15.02,123767,$15.06,$15.1,$14.63
08/17/2020,$15.1,96685,$14.7,$15.1,$14.51
08/14/2020,$14.63,90908,$15.04,$15.04,$14.43
08/13/2020,$15.12,113363,$14.6,$15.5,$14.53
08/12/2020,$14.73,94031,$14.96,$15.08,$14.62
08/11/2020,$14.65,97424,$14.35,$15.08,$14.35
08/10/2020,$14.18,188774,$15,$15.14,$13.73
08/07/2020,$14.9,266233,$15.5,$15.99,$14.81
08/06/2020,$14.785,122721,$14.73,$14.99,$14.4
08/05/2020,$14.84,141556,$14.3,$14.86,$14.12
08/04/2020,$14.1,175638,$14.87,$15.095,$13.85
08/03/2020,$14.93,289085,$14.35,$15.25,$14.23
07/31/2020,$14.23,145321,$14.09,$14.26,$13.8
07/30/2020,$14.13,126552,$13.56,$14.28,$13.3304
07/29/2020,$13.83,139096,$14.02,$14.38,$13.46
07/28/2020,$13.92,206732,$13.63,$14.25,$13.63
07/27/2020,$13.685,351424,$13.6,$14.13,$13.2
07/24/2020,$13.65,193592,$13.82,$14.06,$13.615
07/23/2020,$14,272388,$13.18,$14.265,$13.18
07/22/2020,$13.28,201803,$13.38,$13.74,$13.2
07/21/2020,$13.51,248873,$13.04,$13.75,$12.7049
07/20/2020,$12.86,146425,$12.66,$13.41,$12.66
07/17/2020,$12.72,134115,$12.72,$12.9499,$12.53
07/16/2020,$12.75,102377,$12.57,$12.79,$12.285
07/15/2020,$12.71,217698,$12.19,$12.8511,$12.1296
07/14/2020,$11.82,209343,$11.39,$11.86,$11.03
07/13/2020,$11.44,206371,$11.6,$12.13,$11.37
07/10/2020,$11.55,135133,$11.44,$11.59,$11.29
07/09/2020,$11.44,162711,$11.75,$12,$11.36
07/08/2020,$11.8,108021,$11.88,$12,$11.45
07/07/2020,$11.97,185639,$12.27,$12.38,$11.9356
07/06/2020,$12.41,197105,$12.43,$12.46,$11.96
07/02/2020,$12.14,139289,$11.98,$12.49,$11.91
07/01/2020,$11.8,190886,$12.15,$12.44,$11.48
06/30/2020,$12.17,233406,$11.97,$12.29,$11.73
06/29/2020,$12.07,211333,$11.77,$12.45,$11.54
06/26/2020,$11.6,541738,$12.23,$12.32,$11.5
06/25/2020,$12.31,138833,$12.32,$12.68,$11.96
06/24/2020,$12.435,303246,$13.03,$13.3032,$11.95
06/23/2020,$13.3,226882,$13.42,$13.78,$13.24
06/22/2020,$13.21,330907,$13.32,$13.6425,$12.86
06/19/2020,$13.41,957348,$13.57,$14.73,$13.41
06/18/2020,$13.42,363981,$13.34,$13.7,$13.25
06/17/2020,$13.47,235404,$14.45,$14.605,$13.47
06/16/2020,$14.32,217019,$14.63,$14.7,$13.64
06/15/2020,$13.99,337557,$12.98,$14.45,$12.87
06/12/2020,$13.32,276643,$13.19,$13.95,$13.12
06/11/2020,$12.67,326684,$13.67,$13.72,$12.615
06/10/2020,$14.31,220768,$15.43,$15.47,$14.145
06/09/2020,$15.38,322655,$15.74,$16.1336,$15.11
06/08/2020,$15.87,435045,$15.83,$15.9,$15.11
06/05/2020,$15.52,216377,$15.3,$16.17,$15.3
06/04/2020,$14.8,247748,$14.49,$15.08,$14.49
06/03/2020,$14.58,408232,$14.68,$15.17,$14.26
06/02/2020,$14.31,353356,$13.45,$14.48,$13.17
06/01/2020,$13.29,242111,$13.19,$13.975,$13.08
05/29/2020,$13.28,449737,$13.23,$13.78,$12.6909
05/28/2020,$13.36,305382,$13.45,$14.25,$13.187
05/27/2020,$13.31,254484,$13.73,$13.84,$12.71
05/26/2020,$13.47,241786,$13.14,$13.8,$13
05/22/2020,$12.65,176050,$13.4,$13.5,$12.535
05/21/2020,$13.295,167243,$13.35,$13.35,$12.82
05/20/2020,$13.45,235818,$13,$14.28,$12.9407
05/19/2020,$12.83,256982,$12.5,$13.24,$12.045
05/18/2020,$12.48,350455,$12.65,$12.97,$12.16
05/15/2020,$12.24,242264,$11.96,$12.29,$11.74
05/14/2020,$12,279181,$11.54,$12.03,$11.02
05/13/2020,$11.86,300706,$12.03,$12.34,$11.235
05/12/2020,$12.1,232083,$12.56,$12.7993,$12.09
05/11/2020,$12.66,244148,$12.41,$12.99,$12.2
05/08/2020,$12.65,394491,$12.45,$13.36,$12.06
05/07/2020,$13.49,352701,$13,$13.5,$12.89
05/06/2020,$13.01,380106,$14.48,$14.92,$12.88
05/05/2020,$14.63,420935,$14.19,$15.64,$14.16
05/04/2020,$12.9,183883,$13,$13.29,$12.52
05/01/2020,$13.09,222172,$13.06,$13.4825,$12.95
04/30/2020,$13.45,204406,$14.82,$14.82,$13.17
04/29/2020,$14.62,228177,$14.18,$15.615,$13.87
04/28/2020,$13.94,149468,$14.26,$14.46,$13.82
04/27/2020,$13.84,274510,$13.45,$14.39,$13.1
04/24/2020,$13.45,148789,$13.15,$13.72,$13.14
04/23/2020,$13.16,443390,$12.35,$13.86,$12.28
04/22/2020,$11.78,267464,$11.78,$12.18,$11.63
04/21/2020,$11.36,371684,$11.57,$11.99,$10.83
04/20/2020,$11.76,945791,$10.7,$11.9,$10.5
04/17/2020,$10.7,2388141,$11.58,$11.65,$10.36
04/16/2020,$13.43,201031,$13.65,$13.825,$12.975
04/15/2020,$13.63,145781,$13.82,$13.95,$13.15
04/14/2020,$14.36,191599,$14.97,$15.38,$13.8612
04/13/2020,$14.76,219402,$13.42,$15.29,$12.82
04/09/2020,$13.45,298322,$12.93,$13.64,$11.56
04/08/2020,$12.65,183279,$12.21,$12.86,$12.105
04/07/2020,$12.06,164806,$12.03,$12.45,$11.6224
04/06/2020,$11.75,161720,$12.84,$13.46,$11.47
04/03/2020,$12.19,148178,$12.84,$13.64,$12.05
04/02/2020,$13.05,92968,$12.58,$13.05,$12.4
04/01/2020,$12.6,337591,$12.52,$13.07,$11.95
03/31/2020,$13.06,265048,$12.2,$13.89,$12.2
03/30/2020,$12.19,225299,$12.84,$13.41,$11.99
03/27/2020,$12.62,174641,$13.5,$13.85,$12.3801
03/26/2020,$13.82,242840,$13.53,$14.41,$13.28
03/25/2020,$13.25,166827,$12.34,$13.56,$12.15
03/24/2020,$12.32,400571,$11.6,$12.38,$11.07
03/23/2020,$11.03,239122,$9.38,$11.18,$9.07
03/20/2020,$9.19,493329,$11.14,$11.7697,$9.12
03/19/2020,$11.02,253200,$11.69,$12.77,$10.74
03/18/2020,$11.65,227315,$12.95,$13.64,$10.015
03/17/2020,$13.87,349101,$13.35,$14.26,$11.81
03/16/2020,$13.27,250923,$14.49,$15.4,$13.22
03/13/2020,$16.23,267190,$17.25,$17.26,$15.32
03/12/2020,$16.49,211065,$17.29,$18.14,$16.35
03/11/2020,$18.11,183445,$18.8,$19.09,$18.01
03/10/2020,$19.22,126734,$20.15,$20.15,$18.55
03/09/2020,$19.7,165476,$20.73,$21.2,$18.83
03/06/2020,$22.27,166872,$22.66,$23.24,$21.58
03/05/2020,$23.53,239088,$25.07,$25.32,$23.0013
03/04/2020,$25.58,336228,$23.94,$26.61,$23.85
03/03/2020,$23.35,117323,$24.24,$24.68,$23.16
03/02/2020,$24.38,180000,$24.62,$24.91,$23.46
02/28/2020,$24.78,497877,$23.16,$24.8,$21.88
02/27/2020,$24.23,598635,$25.08,$27.77,$23.33
02/26/2020,$23.94,284091,$24.81,$25.6,$23.54
02/25/2020,$24.62,200201,$25.84,$25.84,$24.4
02/24/2020,$25.82,104649,$26.09,$26.48,$25.5
02/21/2020,$27.08,101626,$27.04,$27.24,$26.23
02/20/2020,$27.11,127062,$27.11,$27.19,$26.245
02/19/2020,$27.17,232609,$26.62,$27.38,$26.31
02/18/2020,$26.62,127515,$26.85,$27.06,$25.58
02/14/2020,$27.01,114286,$27.62,$27.88,$26.94
02/13/2020,$27.63,93590,$27.36,$27.67,$27.09
02/12/2020,$27.52,307125,$28.03,$28.03,$27.25
02/11/2020,$27.84,266849,$27.1,$27.9,$26.96
02/10/2020,$27.03,326631,$27.98,$28.26,$26.87
02/07/2020,$28.1,229367,$28.52,$28.54,$27.57
02/06/2020,$28.68,76582,$28.94,$28.94,$28.18
02/05/2020,$28.86,100713,$28.48,$29.08,$28.34
02/04/2020,$28.34,174253,$28.69,$29.56,$28.23
02/03/2020,$28.39,175969,$28.25,$28.81,$28.24
01/31/2020,$28.18,171026,$29.16,$29.2573,$27.61
01/30/2020,$29.04,320770,$28.52,$29.27,$27.94
01/29/2020,$28.82,90937,$28.84,$29.15,$28.74
01/28/2020,$28.84,118791,$28.87,$29.38,$28.64
01/27/2020,$28.84,121024,$28.94,$29.39,$28.64
01/24/2020,$29.14,195848,$30.69,$30.69,$28.96
01/23/2020,$30.53,333089,$29.92,$30.68,$29.585
01/22/2020,$30.03,446834,$31,$31.04,$28.7
01/21/2020,$31.04,412819,$33.64,$34.25,$30.94
01/17/2020,$33.91,231268,$34.78,$35.3261,$33.46
01/16/2020,$34.79,160445,$35.37,$36.17,$34.42
01/15/2020,$35.3,180614,$36.59,$37,$35.085
01/14/2020,$36.65,292523,$35.77,$36.76,$35.06
01/13/2020,$35.93,236157,$36.82,$37.67,$35.47
01/10/2020,$36.67,88589,$37.11,$37.64,$36.53
01/09/2020,$37.11,115485,$37.17,$38.605,$37.04
01/08/2020,$36.87,51718,$36.75,$37.24,$36.48
01/07/2020,$36.8,146455,$36.59,$37.17,$36.205
01/06/2020,$36.74,95796,$35.91,$37.1,$35.42
01/03/2020,$36.37,147494,$36.01,$36.47,$35.68
01/02/2020,$36.47,138063,$36.18,$36.69,$34.88
12/31/2019,$35.81,65888,$35.55,$36.19,$35.55
12/30/2019,$35.62,64294,$36.25,$36.435,$35.53
12/27/2019,$36.23,70065,$36.37,$36.4819,$35.69
12/26/2019,$36.32,127887,$36.23,$36.92,$35.84
12/24/2019,$36.17,49167,$36.46,$36.46,$35.27
12/23/2019,$36.59,127993,$37.37,$37.42,$36.5
12/20/2019,$37.16,451075,$36.92,$37.28,$36.58
12/19/2019,$36.84,90148,$36.74,$36.99,$36.19
12/18/2019,$36.75,96513,$36.88,$37.24,$36.39
12/17/2019,$36.88,113533,$36.1,$36.98,$35.91
12/16/2019,$36.12,139238,$36.32,$37.16,$36.04
12/13/2019,$35.96,100667,$35.87,$36.55,$35.7
12/12/2019,$36.13,116089,$35.87,$36.39,$35.28
12/11/2019,$36.03,197359,$37.3,$37.45,$35.91
12/10/2019,$37.3,108597,$36.87,$37.34,$35.9801
12/09/2019,$36.97,125555,$37.43,$37.45,$36.63
12/06/2019,$37.47,152483,$37.29,$38.14,$37.02
12/05/2019,$37.09,262063,$37.4,$37.56,$36.85
12/04/2019,$37.47,72681,$38.4,$38.735,$37.16
12/03/2019,$38.27,230484,$36.77,$38.81,$36.77
12/02/2019,$37.26,282951,$38.25,$38.25,$36.44
11/29/2019,$38.3,54884,$38.71,$38.89,$37.58
11/27/2019,$38.69,110419,$38.94,$39.15,$38.19
11/26/2019,$38.81,264176,$38.38,$38.83,$37.91
11/25/2019,$38.4,196217,$37.62,$38.84,$37.45
11/22/2019,$37.39,160683,$37.62,$37.725,$36.64
11/21/2019,$37.5,190878,$37.72,$37.89,$36.35
11/20/2019,$37.58,224867,$37.05,$37.83,$36.4601
11/19/2019,$37.08,182203,$36.6,$37.2,$36.3492
11/18/2019,$36.63,231209,$35.43,$36.87,$35.3218
11/15/2019,$35.72,250914,$35.08,$35.87,$35.08
11/14/2019,$35.45,211336,$34.31,$35.45,$34.195
11/13/2019,$34.48,108754,$35.32,$35.5,$34.31
11/12/2019,$35.37,201279,$36.21,$36.98,$34.5
11/11/2019,$37,205167,$36.4,$37.44,$35.5
11/08/2019,$36.28,764783,$33.86,$38.88,$33.65
11/07/2019,$32.53,297132,$33.15,$33.52,$32.3
11/06/2019,$32.86,177852,$32.87,$33.21,$32.48
11/05/2019,$32.95,112603,$32.85,$33.0701,$31.685
11/04/2019,$32.9,136291,$33.74,$33.74,$32.225
11/01/2019,$33.03,117881,$31.75,$33.225,$31.5
10/31/2019,$31.5,103444,$30.9,$31.68,$30.58
10/30/2019,$31,168874,$30.82,$31.24,$29.6
10/29/2019,$30.67,139868,$30.83,$31,$30.41
10/28/2019,$30.82,133962,$29.89,$31,$29.73
10/25/2019,$29.8,99780,$28.52,$29.9,$28.52
10/24/2019,$28.62,65559,$28.77,$28.79,$28.12
10/23/2019,$28.66,132724,$29.21,$29.39,$28.06
10/22/2019,$29.23,95872,$29.6,$29.9999,$29.2
10/21/2019,$29.5,62331,$30.02,$30.2099,$29.3
10/18/2019,$29.8,55408,$30.15,$30.65,$29.62
10/17/2019,$30.32,202380,$30.25,$30.65,$30.06
10/16/2019,$30.07,67661,$29.66,$30.46,$29.46
10/15/2019,$29.72,86080,$29.18,$30.2,$29.04
10/14/2019,$29.05,168633,$28.7,$30.48,$28.7
10/11/2019,$28.8,136317,$28.6,$28.96,$27.825
10/10/2019,$28.2,170488,$28.42,$29.35,$28.16
10/09/2019,$28.43,108449,$27.51,$28.79,$27.51
10/08/2019,$27.4,184361,$27.49,$27.68,$27.08
10/07/2019,$27.77,225993,$28.14,$28.565,$27.46
10/04/2019,$28.36,118842,$28.5,$29,$27.59
10/03/2019,$28.57,610208,$28.07,$28.71,$27.77
10/02/2019,$28.27,244016,$28.47,$29.15,$27.9
10/01/2019,$28.61,406997,$29.28,$30.15,$28.57
09/30/2019,$29.23,213564,$29.7,$30.41,$28.94
09/27/2019,$29.79,182059,$29.97,$29.97,$28.7843
09/26/2019,$29.77,145666,$30.87,$31.26,$29.37
09/25/2019,$30.87,131742,$31.4,$31.45,$30.37
09/24/2019,$31.4,245204,$31.33,$31.7,$30.71
09/23/2019,$31.17,180179,$31,$32.27,$30.935
09/20/2019,$30.88,321764,$29.07,$31.12,$28.9601
09/19/2019,$29.08,86856,$28.81,$29.4073,$28.81
09/18/2019,$28.79,112857,$29.59,$29.79,$28.47
09/17/2019,$29.59,89928,$28.79,$30.2,$28.79
09/16/2019,$28.84,121868,$28.26,$29.57,$28.26
09/13/2019,$28.53,125439,$29.91,$30.07,$28.24
09/12/2019,$29.73,85407,$30.06,$30.255,$29.37
09/11/2019,$29.91,96735,$29.95,$30.51,$29.6
09/10/2019,$30.01,173951,$28.78,$30.56,$28.02
09/09/2019,$28.92,108586,$29.29,$29.34,$26.9027
09/06/2019,$29.26,142807,$29,$29.95,$28.7899
09/05/2019,$28.99,120746,$28.64,$29.42,$28.42
09/04/2019,$28.4,100211,$28.46,$28.62,$27.75
09/03/2019,$28.25,211860,$28.66,$30.1,$27.75
08/30/2019,$28.87,94336,$30.46,$30.685,$28.525
08/29/2019,$30.27,115327,$31.01,$31.12,$30.23
08/28/2019,$30.7,64053,$30.47,$31.055,$30.2
08/27/2019,$30.49,62981,$31.12,$31.205,$30.23
08/26/2019,$30.89,82623,$30.31,$31.34,$29.65
08/23/2019,$29.95,199233,$30.53,$31.29,$29.39
08/22/2019,$30.68,226340,$31.23,$31.96,$30.3
08/21/2019,$32.78,106373,$32.1,$32.98,$31.72
08/20/2019,$31.99,145999,$31.88,$33.15,$31.7719
08/19/2019,$31.78,136271,$31.35,$32.1,$30.6
08/16/2019,$30.86,117501,$31.2,$31.72,$30.8
08/15/2019,$30.93,107497,$30.89,$31.28,$30.02
08/14/2019,$30.87,184115,$32.18,$32.37,$30.62
08/13/2019,$32.85,193887,$32.86,$34.48,$31.2143
08/12/2019,$33.41,309095,$32.96,$34.2699,$32.85
08/09/2019,$33.61,773561,$35.85,$35.85,$29.55
08/08/2019,$25.11,189196,$24.55,$25.51,$24.33
08/07/2019,$24.39,78680,$24,$24.665,$23.52
08/06/2019,$24.48,91871,$24.17,$24.9,$24.09
08/05/2019,$24.4,74878,$24.5,$24.8,$23.92
08/02/2019,$25.12,75757,$25.13,$25.43,$24.61
08/01/2019,$25.17,95166,$25.45,$26.21,$24.88
07/31/2019,$25.56,95350,$25.2,$26.27,$25.14
07/30/2019,$25.14,86205,$24.8,$25.32,$24.47
07/29/2019,$24.98,78694,$25.42,$25.66,$24.69
07/26/2019,$25.55,52758,$24.61,$25.6,$24.61
07/25/2019,$24.62,99315,$25.29,$25.33,$24.37
07/24/2019,$25.31,72525,$24.3,$25.42,$24.01
07/23/2019,$24.4,30384,$24.31,$24.64,$23.95
07/22/2019,$24.24,37378,$24.19,$24.37,$23.84
07/19/2019,$24.12,71953,$24.73,$24.73,$23.99
07/18/2019,$24.69,86938,$24.59,$25.17,$24.59
07/17/2019,$24.64,122571,$24.94,$25.18,$24.28
07/16/2019,$25.02,234698,$24.69,$25.69,$24.68
07/15/2019,$24.69,164585,$23.89,$25.33,$23.58
07/12/2019,$23.76,109771,$23.8,$23.91,$23.15
07/11/2019,$23.89,88829,$23.55,$23.98,$23.19
07/10/2019,$23.46,174067,$21.99,$23.55,$21.99
07/09/2019,$21.81,278051,$21.01,$21.866,$20.81
07/08/2019,$20.19,45776,$20.48,$20.48,$19.78
07/05/2019,$20.58,52101,$20.64,$20.65,$20.2
07/03/2019,$20.82,34732,$20.41,$20.87,$20.11
07/02/2019,$20.31,72121,$20.24,$20.4,$19.99
07/01/2019,$20.24,102834,$21.2,$21.32,$20.21
06/28/2019,$20.78,185379,$20.08,$20.91,$20.0281
06/27/2019,$19.97,100668,$19.47,$19.98,$19.47
06/26/2019,$19.47,66292,$19.38,$20.11,$19.04
06/25/2019,$19.26,126790,$18.82,$19.64,$18.53
06/24/2019,$18.82,96542,$20.07,$20.225,$18.65
06/21/2019,$19.99,142192,$20.18,$20.35,$19.56
06/20/2019,$20.33,73567,$20.1,$20.525,$20.03
06/19/2019,$20.12,83266,$19.27,$20.23,$19.01
06/18/2019,$19.25,98138,$18.58,$19.58,$18.56
06/17/2019,$18.45,102044,$17.82,$18.51,$17.39
06/14/2019,$17.9,78383,$17.76,$17.99,$17.53
06/13/2019,$17.85,113267,$16.86,$17.89,$16.86
06/12/2019,$16.78,41904,$16.56,$16.79,$16.47
06/11/2019,$16.68,66450,$16.86,$16.95,$16.28
06/10/2019,$16.76,99077,$17.23,$17.48,$16.62
06/07/2019,$17.22,61524,$17.49,$17.61,$17.09
06/06/2019,$17.39,44308,$17.08,$17.44,$16.95
06/05/2019,$17.19,54092,$17.3,$17.38,$16.97
06/04/2019,$17.07,83088,$16.9,$17.21,$16.55
06/03/2019,$16.65,133730,$16.85,$16.89,$16.2
05/31/2019,$16.85,96175,$16.95,$17.18,$16.56
05/30/2019,$17.21,86658,$17.2,$17.56,$17.01
05/29/2019,$17.2,156600,$17.21,$18.11,$17.1
05/28/2019,$17.31,220754,$17.05,$17.75,$17
05/24/2019,$17.01,175046,$17.53,$18,$16.93
05/23/2019,$17.5,163932,$18.42,$18.42,$17.4
05/22/2019,$18.62,104521,$18.01,$18.79,$17.85
05/21/2019,$18.12,137429,$17.73,$18.37,$17.73
05/20/2019,$17.78,85746,$18,$18.27,$17.688
05/17/2019,$18.18,131670,$18.09,$18.81,$18.06
05/16/2019,$17.97,73964,$17.52,$18.12,$17.5113
05/15/2019,$17.49,84018,$17.3,$17.71,$17.29
05/14/2019,$17.46,171652,$16.81,$17.81,$16.545
05/13/2019,$16.81,140802,$17.82,$17.91,$16.79
05/10/2019,$18.21,201375,$19,$19.645,$17.93
05/09/2019,$18.98,110388,$18.32,$19.1,$18.31
05/08/2019,$18.53,173025,$18.58,$18.9,$18.44
05/07/2019,$18.56,155254,$19.16,$19.28,$18.37
05/06/2019,$19.33,118228,$18.83,$19.66,$18.83
05/03/2019,$19.18,98766,$18.5,$19.2,$18.47
05/02/2019,$18.44,103400,$18.07,$18.75,$17.85
05/01/2019,$18.2,178284,$17.76,$18.24,$17.56
04/30/2019,$17.74,200866,$17.74,$18.19,$17.475
04/29/2019,$17.81,104379,$16.99,$17.91,$16.85
04/26/2019,$16.99,173336,$17.27,$17.34,$16.93
04/25/2019,$17.32,143194,$16.56,$17.39,$16.37
04/24/2019,$16.63,97966,$16.63,$16.75,$16.3
04/23/2019,$16.61,134316,$16.36,$16.92,$16.19
04/22/2019,$16.3,83565,$16.48,$16.6815,$16.22
04/18/2019,$16.57,145466,$16.46,$17.06,$15.83
04/17/2019,$16.41,146603,$16.85,$16.85,$16.03
04/16/2019,$16.82,108375,$16.91,$17.12,$16.8
04/15/2019,$16.74,197001,$17.91,$17.94,$16.62
04/12/2019,$17.97,70588,$18.11,$18.18,$17.66
04/11/2019,$18.02,141048,$17.97,$18.23,$17.78
04/10/2019,$17.97,66235,$17.68,$18.11,$17.59
04/09/2019,$17.65,123729,$18.1,$18.27,$17.61
04/08/2019,$18.16,98872,$18.47,$18.47,$17.63
04/05/2019,$18.5,153078,$17.88,$18.56,$17.88
04/04/2019,$17.8,106022,$17.32,$17.8975,$17.32
04/03/2019,$17.32,271045,$17.36,$17.63,$17.13
04/02/2019,$17.16,215976,$16.76,$17.38,$16.39
04/01/2019,$16.76,240381,$17.75,$17.96,$16.75
03/29/2019,$17.66,76720,$17.77,$17.9,$17.31
03/28/2019,$17.67,171266,$17.39,$17.68,$17.23
03/27/2019,$17.34,123973,$17.81,$18.06,$17.11
03/26/2019,$17.83,256206,$17.92,$18.205,$17.73
03/25/2019,$17.73,89288,$18.76,$18.76,$17.67
03/22/2019,$18.86,226139,$18.94,$19.28,$18.76
03/21/2019,$19.14,209713,$18.31,$19.34,$17.85
03/20/2019,$18.4,179762,$17.75,$18.83,$17.65
03/19/2019,$17.85,128929,$18.08,$18.08,$17.12
03/18/2019,$17.97,231613,$18.31,$18.62,$17.72
03/15/2019,$18.3,383226,$17.02,$18.58,$17.01
03/14/2019,$16.95,225419,$17.14,$17.14,$16.83
03/13/2019,$17.21,202439,$17,$17.29,$16.99
03/12/2019,$17,143663,$16.7,$17.1,$16.5
03/11/2019,$16.66,101939,$16.54,$16.67,$16.3
03/08/2019,$16.42,174379,$16.63,$16.64,$16.42
03/07/2019,$16.66,92523,$16.82,$16.82,$16.43
03/06/2019,$16.76,252907,$17.52,$17.52,$16.65
03/05/2019,$17.52,203418,$17.45,$17.61,$17.3
03/04/2019,$17.46,268116,$17.78,$18.35,$17.16
03/01/2019,$17.72,167900,$17.25,$17.81,$16.95
02/28/2019,$17.12,264796,$16.7,$17.14,$16.37
02/27/2019,$16.71,269763,$17.03,$17.48,$16.26
02/26/2019,$17.04,302705,$16.95,$17.15,$16.38
02/25/2019,$17.02,384349,$16.41,$17.5,$16.365
02/22/2019,$16.27,388091,$15.25,$16.98,$15.25
02/21/2019,$15.1,530679,$14.15,$15.315,$13.655
02/20/2019,$15.6,174727,$15.21,$15.75,$15.15
02/19/2019,$15.15,145410,$15.66,$15.7125,$15.14
02/15/2019,$15.65,155264,$15.37,$15.85,$15.15
02/14/2019,$15.28,155172,$15.25,$15.46,$15.09
02/13/2019,$15.34,495898,$14.56,$16.04,$14.53
02/12/2019,$14.56,204771,$14.25,$14.6,$14.0901
02/11/2019,$14.14,216913,$14.04,$14.28,$13.76
02/08/2019,$13.95,159268,$13.96,$14.16,$13.89
02/07/2019,$14.05,262801,$14.07,$14.25,$13.89
02/06/2019,$14.12,255128,$14.24,$14.25,$13.98
02/05/2019,$14.23,145769,$14.17,$14.69,$13.98
02/04/2019,$14.08,191794,$14.01,$14.24,$13.99
02/01/2019,$14,231989,$14.25,$14.35,$13.98
01/31/2019,$14.36,239648,$14.07,$14.76,$14.07
01/30/2019,$14.06,203015,$13.55,$14.13,$13.52
01/29/2019,$13.55,359200,$13.94,$14.3,$13.1
01/28/2019,$13.94,203397,$13.36,$14.13,$13.3
01/25/2019,$13.46,106291,$13.78,$13.905,$13.45
01/24/2019,$13.7,89390,$13.57,$13.83,$13.5
01/23/2019,$13.58,88202,$13.85,$13.94,$13.52
01/22/2019,$13.79,102540,$14.15,$14.3371,$13.66
01/18/2019,$14.26,227289,$14.07,$14.46,$14.0447
01/17/2019,$14.03,299807,$14.03,$14.55,$13.85
01/16/2019,$14.11,330436,$14.22,$14.67,$13.76
01/15/2019,$14.22,157017,$13.96,$14.39,$13.71
01/14/2019,$13.95,248898,$14.14,$14.19,$13.4
01/11/2019,$14.22,116223,$14.26,$14.59,$14.08
01/10/2019,$14.36,360084,$13.65,$14.52,$13.57
01/09/2019,$13.78,517693,$12.42,$13.81,$12.35
01/08/2019,$12.35,746772,$13.86,$13.905,$12.32
01/07/2019,$13.27,1095827,$16.75,$16.7572,$13.0946
01/04/2019,$16.94,105473,$16.14,$17.15,$16.09
01/03/2019,$15.89,154785,$15.98,$16.33,$15.24
01/02/2019,$15.99,362999,$16.45,$16.94,$15.26
12/31/2018,$17.02,187888,$16.76,$17.24,$16.35
12/28/2018,$16.68,167569,$15.92,$17.03,$15.92
12/27/2018,$15.93,96293,$16.17,$16.52,$15.37
12/26/2018,$16.41,141446,$15.61,$16.48,$15.37
12/24/2018,$15.57,114062,$14.3,$15.75,$14.3
12/21/2018,$14.36,1114446,$14.85,$15.315,$13.64
12/20/2018,$14.84,186352,$15.35,$15.62,$14.61
12/19/2018,$15.32,133228,$15.78,$16.02,$15.21
12/18/2018,$15.79,214458,$15.87,$16.33,$15.56
12/17/2018,$15.75,217602,$16.45,$16.685,$15.53
12/14/2018,$16.52,111511,$16.94,$17.03,$16.4
12/13/2018,$17.1,111211,$17.85,$18,$17
12/12/2018,$17.83,92738,$17.89,$18.25,$17.62
12/11/2018,$17.81,80120,$18,$18.18,$17.43
12/10/2018,$17.8,130667,$18.15,$18.495,$17.39
12/07/2018,$18.13,102739,$18.83,$18.87,$17.97
12/06/2018,$18.82,205780,$18.79,$19.34,$17.94
12/04/2018,$18.98,177084,$20.64,$20.7,$18.91
12/03/2018,$20.75,158239,$20.75,$20.92,$20.15
11/30/2018,$20.5,205344,$20.31,$20.8,$20.12
11/29/2018,$20.32,148528,$20.77,$20.89,$20.28
11/28/2018,$20.82,236066,$20.8,$20.88,$20.35
11/27/2018,$20.75,140854,$20.57,$20.87,$20.49
11/26/2018,$20.77,135813,$20.94,$21.15,$20.39
11/23/2018,$20.77,93658,$20.26,$20.88,$19.711
11/21/2018,$20.35,126824,$20.99,$20.99,$20.06
11/20/2018,$20.95,186234,$20.75,$21.11,$20.1
11/19/2018,$20.94,167919,$21.21,$21.3119,$20.26
11/16/2018,$21.3,156812,$21.03,$21.36,$20.53
11/15/2018,$21.2,114195,$20.56,$21.31,$20.47
11/14/2018,$20.73,188240,$20.5,$20.78,$20.245
11/13/2018,$20.31,152445,$20.1,$20.63,$19.77
11/12/2018,$20.1,203032,$20.7,$20.82,$19.96
11/09/2018,$20.48,277180,$21.39,$21.97,$20.46
11/08/2018,$21.68,335443,$20.83,$22.35,$20.31
11/07/2018,$20.71,650762,$23.57,$24.77,$19.55
11/06/2018,$21.25,223973,$20.97,$21.76,$20.78
11/05/2018,$20.96,163676,$21.31,$21.31,$20.75
11/02/2018,$21.32,250108,$20.87,$22.73,$20.87
11/01/2018,$20.79,416859,$20.41,$20.86,$20.34
10/31/2018,$20.3,172785,$21.39,$21.39,$20.2
10/30/2018,$21.16,150856,$21.27,$21.94,$20.65
10/29/2018,$21.26,282279,$20.36,$21.44,$20.24
10/26/2018,$20.18,313842,$19.87,$20.26,$19.11
10/25/2018,$19.91,327492,$20.62,$20.62,$19.81
10/24/2018,$20.48,251083,$20.81,$21.05,$20.39
10/23/2018,$20.81,318229,$20.57,$20.93,$19.95
10/22/2018,$20.84,130923,$21.29,$21.45,$20.81
10/19/2018,$21.3,112177,$21.77,$22.1425,$21.05
10/18/2018,$21.78,98858,$22.12,$22.3699,$21.27
10/17/2018,$22.13,184886,$22.23,$22.45,$21.81
10/16/2018,$22.33,184477,$21.52,$22.43,$21.44
10/15/2018,$21.39,251741,$21.59,$22.035,$21.02
10/12/2018,$21.65,175372,$22.66,$22.71,$21.29
10/11/2018,$22.4,234460,$22.59,$23.87,$22.3
10/10/2018,$22.73,411061,$22.19,$23.17,$22
10/09/2018,$22,235569,$21.48,$22.66,$21.48
10/08/2018,$21.44,656705,$21.93,$21.98,$20.75
10/05/2018,$22.02,1436602,$24.22,$24.99,$21.865
10/04/2018,$29.78,193207,$30.28,$30.28,$29.65
10/03/2018,$30.29,87002,$30.15,$30.39,$29.71
10/02/2018,$30.05,116965,$30.69,$30.69,$29.86
10/01/2018,$30.7,158061,$32.64,$32.64,$30.47
09/28/2018,$32.55,432404,$31.85,$32.7,$31.525
09/27/2018,$31.85,145121,$31.35,$31.9,$31
09/26/2018,$31.25,188956,$31.05,$31.5,$30.6
09/25/2018,$31,227490,$29.6,$31.1,$29.15
09/24/2018,$29.5,154200,$30,$30.2,$29.4
09/21/2018,$30.05,387487,$30.7,$30.9,$29.85
09/20/2018,$30.6,128793,$30.75,$31.55,$30.05
09/19/2018,$30.75,109504,$30.8,$31.025,$30.3
09/18/2018,$30.9,96121,$30.9,$31.6,$30.85
09/17/2018,$30.85,140061,$31.5,$31.65,$30.65
09/14/2018,$31.6,161846,$31.6,$32.3,$31.3
09/13/2018,$31.5,103316,$31.8,$31.808,$30.85
09/12/2018,$31.75,127180,$31.45,$31.9,$30.15
09/11/2018,$31.45,148010,$31.2,$31.95,$30.75
09/10/2018,$31.3,106770,$31.8,$32.55,$31.1
09/07/2018,$31.8,126619,$32,$33.25,$31.35
09/06/2018,$32.15,182855,$32.55,$32.9,$32.055
09/05/2018,$32.5,116212,$33.9,$33.9,$32.3
09/04/2018,$34.05,191507,$34.05,$35.55,$33.9
08/31/2018,$34,217711,$32.15,$34.85,$32.15
08/30/2018,$32,214587,$32.15,$32.9,$31.6
08/29/2018,$32.15,167080,$33.4,$33.6,$31.85
08/28/2018,$33.4,150592,$34,$34,$33.05
08/27/2018,$34.05,125398,$33.75,$34.6,$33.5
08/24/2018,$33.55,162095,$33.75,$33.95,$33.25
08/23/2018,$33.6,145659,$34.5,$35.3,$33.6
08/22/2018,$34.45,153520,$33.2,$34.65,$33.2
08/21/2018,$33.5,140751,$34.2,$34.6,$33.5
08/20/2018,$34.2,101444,$34.05,$34.3,$33.5
08/17/2018,$34.1,98706,$34,$34.2,$33.45
08/16/2018,$33.95,187097,$33.75,$34.1272,$33.4
08/15/2018,$33.65,142347,$34.45,$34.6714,$33.2
08/14/2018,$34.4,272830,$34.15,$34.75,$32.95
08/13/2018,$34.05,298592,$34.45,$35.35,$33.1
08/10/2018,$34.6,301852,$34.25,$35.85,$34.25
08/09/2018,$34.575,272449,$33.8,$35.1,$32.8
08/08/2018,$34.025,1646365,$34,$35.225,$30.7
08/07/2018,$40.8,204208,$41.05,$41.5,$40.15
08/06/2018,$40.95,146984,$39.7,$41.2,$39.7
08/03/2018,$39.6,200889,$40.45,$40.45,$39.45
08/02/2018,$40.4,212367,$40.55,$41.25,$40.1
08/01/2018,$40.6,179938,$40.05,$41.1,$40
07/31/2018,$40,186260,$39,$40.1,$38.825
07/30/2018,$38.65,282605,$42.05,$42.275,$38.13
07/27/2018,$42.15,107387,$41.8,$42.35,$41.1
07/26/2018,$41.8,201923,$42.1,$42.15,$40.65
07/25/2018,$42.15,169328,$42.65,$43.2,$41.75
07/24/2018,$42.7,226733,$44.3,$44.85,$42.55
07/23/2018,$44.15,110634,$43.55,$44.4,$43.25
07/20/2018,$43.5,66676,$43.6,$43.75,$43.055
07/19/2018,$43.55,75223,$43.5,$43.9,$42.8
07/18/2018,$43.55,102680,$43.05,$43.6,$42.825
07/17/2018,$43.25,106750,$42.7,$43.7,$42.15
07/16/2018,$43,179277,$41.8,$43.945,$41.8
07/13/2018,$43.4,151326,$42.55,$43.8,$42.5
07/12/2018,$42.65,193640,$42.75,$43.05,$41.8081
07/11/2018,$42.8,145050,$42.9,$44.05,$42.725
07/10/2018,$42.9,161324,$43.15,$43.65,$42.5
07/09/2018,$42.95,197161,$42.2,$43.4,$42.05
07/06/2018,$41.8,161119,$41.45,$42,$40.9
07/05/2018,$41.35,129334,$40.75,$41.85,$40.75
07/03/2018,$40.7,160243,$40.75,$41.25,$40.2
07/02/2018,$40.8,253429,$39.7,$40.85,$39.6
06/29/2018,$40.3,237764,$39.3,$40.4,$38.825
06/28/2018,$39.25,222989,$37.8,$39.35,$37.4
06/27/2018,$38.1,325090,$40.5,$41.09,$37.6
06/26/2018,$40.6,141856,$40.55,$41.5,$40.3
06/25/2018,$40.5,154289,$41.7,$41.7,$40.45
06/22/2018,$41.75,395381,$43.3,$43.6,$41.75
06/21/2018,$43.35,212009,$43.7,$43.85,$42.8
06/20/2018,$43.65,173190,$43.15,$43.7,$42.15
06/19/2018,$43.05,198139,$43.95,$44.4,$42.35
06/18/2018,$44.4,196798,$43.25,$44.9,$43.2
06/15/2018,$43.4,409576,$44.55,$44.55,$43.05
06/14/2018,$44.8,436459,$46.3,$46.55,$43.7
06/13/2018,$46.2,257702,$46.1,$46.625,$45.675
06/12/2018,$45.95,270699,$46.45,$46.85,$44.7562
06/11/2018,$46.4,204520,$45.7,$46.5,$45.5
06/08/2018,$45.55,430844,$46.05,$46.75,$44.95
06/07/2018,$46.1,254311,$47.7,$47.7,$45.8
06/06/2018,$47.35,338382,$48.5,$48.85,$46.75
06/05/2018,$48.55,566586,$46.15,$48.7,$45.725
06/04/2018,$46,352397,$44,$46.15,$43.45
06/01/2018,$44.2,495440,$42.25,$44.45,$40.1667
05/31/2018,$42,187855,$40.65,$42.1,$39.305
05/30/2018,$40.8,233194,$41.1,$41.7,$40.75
05/29/2018,$41.1,245253,$39.6,$41.2,$39.4
05/25/2018,$39.7,177590,$39.7,$40.125,$39.3
05/24/2018,$39.65,147167,$39.6,$40.05,$39.15
05/23/2018,$39.65,171336,$39.5,$40.25,$39.35
05/22/2018,$39.7,216777,$40.65,$40.65,$39.6
05/21/2018,$40.75,249429,$41.2,$41.6,$40.505
05/18/2018,$41.15,243952,$40.2,$41.3,$40.1
05/17/2018,$40,340907,$38.25,$40.2,$38.25
05/16/2018,$38.15,313906,$37.7,$38.5,$37.45
05/15/2018,$37.95,225989,$37.4,$38.4,$36.6
05/14/2018,$37.45,436004,$38.3,$39.45,$36.6
05/11/2018,$37.45,657789,$35.6,$37.6,$34.755
05/10/2018,$35.45,1009696,$39.45,$39.795,$34.825
05/09/2018,$39.025,1626540,$49.45,$49.95,$38.525
05/08/2018,$55.85,315994,$54.2,$56.05,$53.85
05/07/2018,$54.3,164069,$53.05,$54.55,$52.9
05/04/2018,$52.9,131014,$52.25,$53.2,$51.25
05/03/2018,$52.5,186156,$51.5,$52.9,$50.8
05/02/2018,$51.7,119569,$50.15,$51.9,$50.15
05/01/2018,$50.45,180741,$50.1,$50.65,$49.35
04/30/2018,$50.15,146438,$50.15,$51,$49.2
04/27/2018,$49.9,103904,$49.9,$50.175,$48.95
04/26/2018,$49.9,228691,$51.05,$51.3,$49.65
04/25/2018,$51,74116,$51.25,$51.85,$50.7
04/24/2018,$51.5,173947,$52.4,$52.45,$50.505
04/23/2018,$52.2,154730,$51.75,$52.3,$50.9
04/20/2018,$51.3,122676,$51.2,$52,$51.1
04/19/2018,$51.3,109427,$51.2,$51.675,$50.5
04/18/2018,$51.3,205718,$53,$53.1,$51
04/17/2018,$52.85,203168,$54.9,$54.95,$52.3
04/16/2018,$54.6,144677,$53.2,$54.95,$53.2
04/13/2018,$52.7,98937,$52.5,$53.4,$52.05
04/12/2018,$52.25,76186,$52.7,$53.05,$51.8
04/11/2018,$52.45,100052,$51.4,$52.45,$50.9
04/10/2018,$51.65,123097,$50.55,$52.15,$50.45
04/09/2018,$50.15,227103,$51.7,$52.15,$50
04/06/2018,$51.4,216951,$52.95,$53.6,$50.7
04/05/2018,$53.4,227847,$51.7,$53.95,$51.3
04/04/2018,$51.55,159012,$49.2,$51.75,$48.9
04/03/2018,$49.9,200717,$49.45,$50.15,$48.85
04/02/2018,$49.25,91424,$50.25,$50.5,$48.85
03/29/2018,$50.25,151169,$49.05,$51.15,$48.55
03/28/2018,$48.8,181550,$50.3,$50.6,$48.7
03/27/2018,$50.2,127963,$51.7,$52.45,$49.7
03/26/2018,$51.7,430590,$52.55,$52.55,$48.9086
03/23/2018,$51.95,127282,$52.65,$53.4,$51.8
03/22/2018,$52.55,118787,$53.15,$53.35,$52.3
03/21/2018,$53.55,83540,$54.35,$54.95,$53.3
03/20/2018,$54.15,109630,$53.35,$54.35,$51.55
03/19/2018,$53.35,133840,$55,$55,$52.5
03/16/2018,$54.6,230745,$54.05,$54.85,$52.9
03/15/2018,$53.9,160922,$52.25,$54.7,$52.1997
03/14/2018,$52.6,160318,$53.05,$54.15,$52.2
03/13/2018,$53.3,412400,$51.85,$54.25,$51.105
03/12/2018,$50.6,107608,$50.6,$51.6,$50.1
03/09/2018,$50.45,178509,$49.75,$50.75,$49.15
03/08/2018,$49.65,82777,$49.05,$49.8,$48.6
03/07/2018,$48.95,184056,$47.35,$49.2,$46.6
03/06/2018,$47.85,159458,$47.8,$48.6,$46.7
03/05/2018,$47.85,179678,$46.95,$47.9,$46.366
03/02/2018,$47.1,157617,$45.35,$47.25,$44.7
03/01/2018,$45.9,156952,$45.2,$46,$44.45
02/28/2018,$45.05,182115,$45.9,$46.55,$44.95
02/27/2018,$45.65,180247,$44.85,$46.2,$44.75
02/26/2018,$45.45,153218,$45.4,$46.2,$44.4079
02/23/2018,$45.25,168865,$45.35,$46.2,$44.4
02/22/2018,$45.1,139383,$46.8,$47.328,$44.95
02/21/2018,$46.75,149682,$46.4,$48.2,$45.9191
02/20/2018,$46.2,172497,$48.15,$48.2,$45.95
02/16/2018,$48.4,243260,$50.2,$50.775,$47.6
02/15/2018,$50.5,464214,$47.5,$52.5,$47.5
02/14/2018,$46.65,170915,$45.8,$46.95,$44.9
02/13/2018,$45.95,108797,$45.65,$46.75,$44.8838
02/12/2018,$46.1,154658,$45,$46.35,$42.055
02/09/2018,$44.9,144227,$45.1,$45.4,$43.75
02/08/2018,$44.95,310016,$47.35,$47.8,$43.4
02/07/2018,$47.3,92679,$47.8,$48.1,$46.65
02/06/2018,$47.8,198227,$48.05,$49.3,$46.5
02/05/2018,$49.1,144513,$49.25,$50.4,$48.8
02/02/2018,$49.9,81193,$50.15,$50.95,$49.2
02/01/2018,$50.75,169462,$49.4,$51.55,$48.65
01/31/2018,$49.6,117910,$49.8,$51.65,$49.3
01/30/2018,$49.55,165955,$49.7,$50.65,$48.972
01/29/2018,$50.4,131411,$51.05,$51.4,$50.35
01/26/2018,$51.4,96963,$50.75,$51.895,$50.55
01/25/2018,$50.55,207956,$50.25,$51,$49.6
01/24/2018,$49.8,124322,$49.8,$50.5,$49.2
01/23/2018,$49.5,80945,$49.65,$49.95,$49.4
01/22/2018,$49.9,97929,$51.2,$51.2583,$49.65
01/19/2018,$51.1,151198,$49.55,$51.3,$49.5
01/18/2018,$49.55,117991,$49.05,$50.15,$48.3
01/17/2018,$49,208687,$49.55,$50.1,$48.9
01/16/2018,$49.15,351532,$50.6,$52.9,$48.75
01/12/2018,$50.35,273894,$49.4,$50.5,$48.55
01/11/2018,$49.35,401812,$46.55,$49.45,$46.45
01/10/2018,$46.4,80602,$46.4,$46.7,$45.576
01/09/2018,$46.75,191917,$46.4,$48.05,$45.7
01/08/2018,$46.4,190888,$44.4,$47.15,$44.055
01/05/2018,$44.35,158862,$44.35,$44.5,$43.45
01/04/2018,$44.25,222724,$45.25,$45.4324,$44
01/03/2018,$45.35,186557,$45.2,$46,$44.375
01/02/2018,$45.3,258037,$45.85,$46.45,$44.6
12/29/2017,$45.35,215500,$48,$48,$45.25
12/28/2017,$46.6,110284,$46.9,$47.9,$46.05
12/27/2017,$46.95,150265,$46.05,$47.8,$45.8
12/26/2017,$45.85,172289,$46.8,$46.8,$45.8
12/22/2017,$46.2,172961,$45.9,$46.25,$45.05
12/21/2017,$45.9,161695,$46.5,$47.1,$45.2
12/20/2017,$46.45,260465,$46.05,$47.75,$45.4
12/19/2017,$46.1,328021,$46.2,$46.8,$45.35
12/18/2017,$46.35,341586,$47.4,$48.4,$46.15
12/15/2017,$47.4,645547,$47,$48.35,$46.95
12/14/2017,$47.2,2465968,$48.6,$48.9,$46.55
12/13/2017,$48.5,475748,$47.15,$48.95,$46.85
12/12/2017,$47,627889,$44.95,$47.4,$44.9
12/11/2017,$44.9,449636,$44.7,$45.6,$44.325
12/08/2017,$44.55,656291,$43.3,$45.45,$43.155
12/07/2017,$40.6,218519,$39.45,$40.85,$39.45
12/06/2017,$39.5,131042,$39.05,$39.8,$38.45
12/05/2017,$39.1,121598,$38.8,$39.845,$38.3
12/04/2017,$38.75,145111,$42,$43.2164,$38.7
12/01/2017,$41.95,208109,$41.1,$42.4,$40.85
11/30/2017,$41.05,263065,$40.9,$41.35,$39.88
11/29/2017,$40.45,152863,$41.2,$41.5,$39.85
11/28/2017,$41.1,205500,$41.85,$42.75,$41.025
11/27/2017,$41.55,178713,$43,$43.25,$41.35
11/24/2017,$42.75,141126,$40.95,$42.75,$40.8
11/22/2017,$40.75,170590,$40.7,$41.75,$40.5
11/21/2017,$40.8,224371,$41.1,$42.15,$40.4
11/20/2017,$41,387351,$42.55,$42.55,$40.638
11/17/2017,$42.5,340134,$42.55,$43.65,$40.6
11/16/2017,$42.45,866497,$45.45,$47.15,$42.4
11/15/2017,$45.3,310559,$43.45,$46.15,$42.705
11/14/2017,$43.7,326318,$42.5,$43.85,$41.6
11/13/2017,$42.65,325378,$42.45,$43.05,$40.1
11/10/2017,$42.45,317367,$41.3,$42.95,$40.9
11/09/2017,$41.6,180239,$40.45,$41.7,$39.7
11/08/2017,$40.65,420163,$41.5,$43.5,$37.95
11/07/2017,$38.95,208403,$39.95,$40.25,$38.3
11/06/2017,$40,173013,$40.8,$41.85,$39.9
11/03/2017,$40.3,128012,$39.2,$40.95,$39.05
11/02/2017,$39.35,167945,$39,$40.75,$38.825
11/01/2017,$39.05,147923,$39.4,$39.4,$37.8
10/31/2017,$39.3,120607,$37.95,$39.6,$37.9
10/30/2017,$37.85,101524,$38.7,$38.7,$37.45
10/27/2017,$39,98457,$38.25,$39.2,$37.9
10/26/2017,$38.15,156837,$37.8,$39.05,$37.49
10/25/2017,$37.65,149282,$37.45,$38.23,$36.8
10/24/2017,$37.35,173560,$38.15,$38.5598,$37.1
10/23/2017,$38.15,175470,$39.1,$39.495,$37.5
10/20/2017,$39.2,198569,$37.9,$39.645,$37.9
10/19/2017,$37.6,282733,$39.9,$39.9,$36.65
10/18/2017,$39.75,97989,$39.9,$40.1,$39.7
10/17/2017,$39.95,117624,$39.9,$40.3,$39.6
10/16/2017,$40,266324,$40.5,$41,$38.7
10/13/2017,$40.85,152558,$42.4,$42.4,$40.55
10/12/2017,$42.35,126599,$43.15,$43.55,$41.9
10/11/2017,$43.35,114838,$43.4,$44.2,$42.75
10/10/2017,$43.4,109842,$43.8,$43.8,$43.3
10/09/2017,$43.6,161157,$43.9,$43.95,$43.3
10/06/2017,$43.75,130353,$44.15,$44.4,$42.9
10/05/2017,$43.95,157921,$43.2,$44.3,$42.9
10/04/2017,$43.1,152746,$42.7,$43.15,$42.4
10/03/2017,$42.75,216555,$43.35,$44.4,$42.45
10/02/2017,$43,186574,$41.15,$43.1,$40.5
09/29/2017,$41.35,172851,$41.15,$42.0846,$40.9
09/28/2017,$41.15,281087,$40.6,$42.8,$40.45
09/27/2017,$40.45,144422,$39.75,$40.5,$39.45
09/26/2017,$39.65,129314,$39.65,$40.2,$39.55
09/25/2017,$39.65,141459,$39.85,$40.375,$38.95
09/22/2017,$39.85,78153,$39.75,$40.1,$39.25
09/21/2017,$39.9,89970,$40.45,$40.65,$39.6
09/20/2017,$40.5,211000,$40.45,$41.1,$39.925
09/19/2017,$40.35,206773,$40.05,$40.85,$40
09/18/2017,$40.25,207158,$38.5,$40.4,$38.45
09/15/2017,$38.55,356515,$37.25,$39.3,$36.9
09/14/2017,$37.45,315685,$39.15,$39.65,$37.15
09/13/2017,$39.45,240049,$40.7,$40.75,$39.1
09/12/2017,$40.5,274286,$40.4,$41.15,$40.15
09/11/2017,$39.85,182551,$40,$40.15,$39.405
09/08/2017,$39.55,137144,$38.8,$39.9878,$38.75
09/07/2017,$38.75,125497,$38.15,$38.995,$38.05
09/06/2017,$38.25,123316,$37.75,$38.2696,$37.45
09/05/2017,$37.6,164709,$38.45,$39.05,$37.2
09/01/2017,$38.45,149949,$37.35,$38.6,$37.05
08/31/2017,$37.15,184835,$36.9,$37.35,$36.5
08/30/2017,$36.75,222090,$35.1,$37.15,$35.1
08/29/2017,$34.95,137890,$35.75,$35.85,$34.75
08/28/2017,$35.85,106257,$36.2,$36.55,$35.4867
08/25/2017,$35.7,158161,$35.4,$35.75,$34.9
08/24/2017,$35.15,91353,$34.95,$35.3081,$34.75
08/23/2017,$34.9,121130,$34.8,$35.45,$34.7479
08/22/2017,$34.95,214259,$33.75,$35.3,$33.7
08/21/2017,$33.95,184431,$33.9,$34,$33.25
08/18/2017,$33.75,76640,$33.4,$33.975,$33.4
08/17/2017,$33.75,164749,$34.2,$34.45,$33.5
08/16/2017,$34,215897,$33.25,$34.5,$33.2
08/15/2017,$33.2,226963,$34.45,$34.65,$32.8
08/14/2017,$34.45,181536,$34.2,$34.875,$34.005
08/11/2017,$34.1,191999,$33.95,$34.9143,$33.6
08/10/2017,$33.75,309052,$32.55,$34.2,$32.5
08/09/2017,$33.05,306792,$32.25,$33.4,$32
08/08/2017,$32.25,672076,$31,$34,$30.005
08/07/2017,$26.65,179055,$25.45,$26.8,$25.35
08/04/2017,$25.65,91084,$25.75,$26.1,$25.3
08/03/2017,$25.7,87435,$25.75,$25.95,$25.4
08/02/2017,$25.8,62139,$26.25,$26.3,$25.25
08/01/2017,$26.15,63388,$26.2,$26.9,$25.8
07/31/2017,$26.05,61340,$26.45,$26.45,$25.75
07/28/2017,$26.4,47795,$26.2,$26.55,$26.15
07/27/2017,$26.25,97052,$26.75,$26.75,$26
07/26/2017,$26.7,46101,$27.2,$27.5,$26.65
07/25/2017,$27.15,118729,$27.25,$27.53,$27.15
07/24/2017,$27,115667,$26.7,$27.1,$26.2
07/21/2017,$26.9,157335,$26.65,$26.9,$26.5448
07/20/2017,$26.6,64032,$26.8,$26.9,$26.45
07/19/2017,$26.8,100409,$27.05,$27.3542,$26.6
07/18/2017,$27,82331,$26.95,$27.2,$26.55
07/17/2017,$27,130211,$27.15,$27.2,$26.65
07/14/2017,$27,63144,$26.9,$27.1,$26.7
07/13/2017,$26.95,136737,$27.2,$27.35,$26.55
07/12/2017,$27.05,136600,$27.15,$27.6,$27
07/11/2017,$27,112715,$26.95,$27,$26.8
07/10/2017,$26.85,133677,$27.1,$27.15,$26.55
07/07/2017,$26.95,181771,$26.85,$27.515,$26.55
07/06/2017,$26.35,409820,$25.65,$27.2,$25.5
07/05/2017,$25.6,114986,$25.55,$25.8,$25.15
07/03/2017,$25.55,58831,$26.1,$26.1,$25.5
06/30/2017,$25.9,117385,$26.05,$26.25,$25.7
06/29/2017,$25.9,203771,$27.3,$29.25,$25.45
06/28/2017,$26.55,194639,$25.8,$26.75,$25.1
06/27/2017,$25.55,112209,$26,$26,$25.35
06/26/2017,$25.9,224800,$24.9,$26.05,$24.805
06/23/2017,$24.5,336673,$24.7,$24.7,$24.15
06/22/2017,$24.7,181144,$24.45,$24.9,$24.3419
06/21/2017,$24.5,121937,$24.05,$24.8,$23.95
06/20/2017,$23.85,117067,$24.8,$24.9,$23.85
06/19/2017,$24.95,160090,$23.4,$24.95,$23.35
06/16/2017,$23.35,146041,$22.8,$23.65,$22.8
06/15/2017,$22.95,141074,$23.65,$23.65,$22.65
06/14/2017,$23.95,96129,$23.4,$24.2,$23.2
06/13/2017,$23.45,130601,$24.55,$24.55,$23.3
06/12/2017,$24.4,172744,$23.75,$24.7783,$23.15
06/09/2017,$23.75,104317,$23.75,$24.65,$23.65
06/08/2017,$23.7,85057,$23.95,$24.15,$23.6
06/07/2017,$23.95,100995,$23.45,$24,$23.3
06/06/2017,$23.4,103336,$23,$23.8,$23
06/05/2017,$23.05,103000,$23.15,$23.35,$22.9
06/02/2017,$23.15,126045,$23.05,$23.4718,$23.05
06/01/2017,$22.95,120974,$22.8,$23,$22.6
05/31/2017,$22.8,136181,$22.2,$22.9,$22.15
05/30/2017,$22.15,131170,$22.85,$23.3,$21.9
05/26/2017,$22.75,192348,$23.6,$23.9,$22.55
05/25/2017,$23.5,224793,$22.35,$24.15,$22.35
05/24/2017,$22.3,282056,$22.3,$22.45,$22.2
05/23/2017,$22.3,219724,$20.9,$22.4,$20.9
05/22/2017,$20.85,93043,$20.25,$20.85,$20.25
05/19/2017,$20.2,89695,$20.05,$20.35,$20.05
05/18/2017,$20,61212,$20.05,$20.15,$19.95
05/17/2017,$20.05,80546,$20.2,$20.2301,$19.95
05/16/2017,$20.45,112600,$19.9,$20.475,$19.9
05/15/2017,$19.85,100751,$19.75,$19.95,$19.65
05/12/2017,$19.75,110236,$19.95,$20,$19.75
05/11/2017,$20,79405,$19.65,$20.15,$19.45
05/10/2017,$19.75,101550,$20,$20.05,$19.5
05/09/2017,$20,176245,$19.75,$20.1,$19.6
05/08/2017,$19.75,105427,$19.95,$20.025,$19.75
05/05/2017,$20,106459,$20,$20.2,$19.8
05/04/2017,$20.05,132995,$20.05,$20.35,$20
05/03/2017,$20,155229,$20,$20.25,$19.4
05/02/2017,$19.95,433590,$19.6,$20.5,$18.5
05/01/2017,$20.5,154845,$19.5,$20.55,$19.5
04/28/2017,$19.55,146710,$19.9,$19.95,$19.225
04/27/2017,$19.85,49283,$20.65,$20.7,$19.85
04/26/2017,$20.6,89498,$20.45,$20.9,$20.45
04/25/2017,$20.5,132438,$20.6,$21.3,$20.45
04/24/2017,$20.45,198324,$20.65,$21.345,$20.4
04/21/2017,$20.3,62936,$20.85,$20.978,$20.2
04/20/2017,$20.9,88526,$20.05,$21.125,$19
04/19/2017,$20,58160,$20.25,$20.5,$19.9
04/18/2017,$20.15,74574,$19.85,$20.25,$19.85
04/17/2017,$20.1,66503,$20.65,$20.65,$20.05
04/13/2017,$20.6,67937,$21.1,$21.1,$20.305
04/12/2017,$21.1,132121,$20.7,$21.25,$20.545
04/11/2017,$20.7,107327,$20.05,$20.8,$19.85
04/10/2017,$20,71189,$19.9,$20.085,$19.9
04/07/2017,$19.9,79421,$19.25,$19.95,$19.025
04/06/2017,$19.3,94587,$19.15,$19.4,$18.7774
04/05/2017,$19.2,116092,$19.9,$19.9,$19.15
04/04/2017,$19.85,103718,$20.65,$20.65,$19.45
04/03/2017,$20.55,126632,$20.75,$20.9,$20.55
03/31/2017,$20.7,72927,$20.6,$20.8,$20.45
03/30/2017,$20.7,77568,$20.45,$20.75,$20.45
03/29/2017,$20.45,109887,$19.95,$20.45,$19.95
03/28/2017,$20.05,58302,$20.25,$20.4,$20
03/27/2017,$20.25,106610,$20.05,$20.35,$20
